Word,Singular,Plural
Time,Die Zeit,Die Zeiten
Man,Der Mann,Die Männer
Hand,Die Hand,Die Hände
Day,Der Tag,Die Tage
Way,Der Weg,Die Wege
Eye,Das Auge,Die Augen
Thing,Die Sache,Die Sachen
Head,Der Kopf,Die Köpfe
Year,Das Jahr,Die Jahre
Room,Das Zimmer,Die Zimmer
Door,Die Tür,Die Türen
Woman,Die Frau,Die Frauen
Face,Das Gesicht,Die Gesichter
Mother,Die Mutter,Die Mütter
People,Die Leute,-
Night,Die Nacht,Die Nächte
House,Das Haus,Die Häuser
Father,Der Vater,Die Väter
Life,Das Leben,Die Leben
Back,Der Rücken,Die Rücken
Voice,Die Stimme,Die Stimmen
Girl,Das Mädchen,Die Mädchen
Place,Der Ort,Die Orte
Boy,Der Junge,Die Jungen
Car,Das Auto,Die Autos
Side,Die Seite,Die Seiten
Arm,Der Arm,Die Arme
Child,Das Kind,Die Kinder
Word,Das Wort,Die Wörter
Moment,Der Moment,Die Momente
Hair,Das Haar,Die Haare
Foot,Der Fuß,Die Füße
Water,Das Wasser,-
Light,Das Licht,Die Lichter
World,Die Welt,Die Welten
Name,Der Name,Die Namen
Friend,Der Freund,Die Freunde
Window,Das Fenster,Die Fenster
Body,Der Körper,Die Körper
Table,Der Tisch,Die Tische
Morning,Der Morgen,Die Morgen
Bed,Das Bett,Die Betten
Wall,Die Wand,Die Wände
Street,Die Straße,Die Straßen
School,Die Schule,Die Schulen
Air,Die Luft,-
Floor,Der Boden,Die Böden
Hour,Die Stunde,Die Stunden
End,Das Ende,Die Enden
Family,Die Familie,Die Familien
Guy,Der Kerl,Die Kerle
Kind,Das Kind,Die Kinder
Minute,Die Minute,Die Minuten
Story,Die Geschichte,Die Geschichten
God,Der Gott,Die Götter
Week,Die Woche,Die Wochen
Work,Die Arbeit,-
Shoulder,Die Schulter,Die Schultern
Part,Der Teil,Die Teile
Mind,Der Verstand,-
Book,Das Buch,Die Bücher
Finger,Der Finger,Die Finger
Mouth,Der Mund,Die Münder
Kid,Das Kind,Die Kinder
Glass,Das Glas,Die Gläser
Tree,Der Baum,Die Bäume
Sound,Der Klang,Die Klänge
Line,Die Linie,Die Linien
Wife,Die Ehefrau,Die Ehefrauen
Heart,Das Herz,Die Herzen
Money,Das Geld,-
Phone,Das Telefon,Die Telefone
Look,Der Blick,Die Blicke
Leg,Das Bein,Die Beine
Chair,Der Stuhl,Die Stühle
Office,Das Büro,Die Büros
Brother,Der Bruder,Die Brüder
Question,Die Frage,Die Fragen
City,Die Stadt,Die Städte
Month,Der Monat,Die Monate
Baby,Das Baby,Die Babys
Home,Das Zuhause,Die Zuhause
Dog,Der Hund,Die Hunde
Road,Die Straße,Die Straßen
Idea,Die Idee,Die Ideen
Kitchen,Die Küche,Die Küchen
Lot,Das Grundstück,Die Grundstücke
Son,Der Sohn,Die Söhne
Job,Der Job,Die Jobs
Paper,Das Papier,Die Papiere
Sister,Die Schwester,Die Schwestern
Smile,Das Lächeln,Die Lächeln
Point,Der Punkt,Die Punkte
Thought,Der Gedanke,Die Gedanken
Love,Die Liebe,-
Town,Die Stadt,Die Städte
Death,Der Tod,Die Tode
Ground,Der Boden,Die Böden
Others,Die Anderen,-
Fire,Das Feuer,Die Feuer
Step,Der Schritt,Die Schritte
Blood,Das Blut,-
Fact,Die Tatsache,Die Tatsachen
Breath,Der Atem,Die Atemzüge
Lip,Die Lippe,Die Lippen
Sun,Die Sonne,Die Sonnen
Building,Das Gebäude,Die Gebäude
Number,Die Nummer,Die Nummern
Husband,Der Ehemann,Die Ehemänner
Parent,Der Elternteil,Die Elternteile
Corner,Die Ecke,Die Ecken
Problem,Das Problem,Die Probleme
Couple,Das Paar,Die Paare
Daughter,Die Tochter,Die Töchter
Bag,Die Tasche,Die Taschen
Hell,Die Hölle,-
Rest,Die Ruhe,-
Business,Das Geschäft,Die Geschäfte
Sky,Der Himmel,Die Himmel
Box,Die Schachtel,Die Schachteln
Person,Die Person,Die Personen
Reason,Der Grund,Die Gründe
Right,Das Recht,-
Skin,Die Haut,Die Häute
Dad,Der Vater,Die Väter
Case,Der Fall,Die Fälle
Piece,Das Stück,Die Stücke
Doctor,Der Arzt,Die Ärzte
Edge,Der Rand,Die Ränder
Mom,Die Mutter,Die Mütter
Picture,Das Bild,Die Bilder
Sense,Der Sinn,Die Sinne
Ear,Das Ohr,Die Ohren
Second,Die Sekunde,Die Sekunden
Lady,Die Dame,Die Damen
Neck,Der Hals,Die Hälse
Wind,Der Wind,Die Winde
Desk,Der Schreibtisch,Die Schreibtische
Gun,Die Waffe,Die Waffen
Stone,Der Stein,Die Steine
Coffee,Der Kaffee,Die Kaffees
Ship,Das Schiff,Die Schiffe
Earth,Die Erde,-
Food,Das Essen,-
Horse,Das Pferd,Die Pferde
Field,Das Feld,Die Felder
War,Der Krieg,Die Kriege
Afternoon,Der Nachmittag,Die Nachmittage
Sir,Der Herr,Die Herren
Space,Der Raum,Die Räume
Evening,Der Abend,Die Abende
Letter,Der Brief,Die Briefe
Bar,Die Bar,Die Bars
Dream,Der Traum,Die Träume
Apartment,Die Wohnung,Die Wohnungen
Chest,Die Brust,Die Brüste
Game,Das Spiel,Die Spiele
Summer,Der Sommer,Die Sommer
Matter,Die Angelegenheit,Die Angelegenheiten
Silence,Die Stille,-
Top,Die Spitze,Die Spitzen
Rock,Der Felsen,Die Felsen
Power,Die Macht,-
Clothes,Die Kleidung,-
Sign,Das Schild,Die Schilder
Attention,Die Aufmerksamkeit,-
Music,Die Musik,-
State,Der Zustand,Die Zustände
Pocket,Die Tasche,Die Taschen
Dinner,Das Abendessen,Die Abendessen
Hall,Der Saal,Die Säle
Pain,Der Schmerz,Die Schmerzen
Age,Das Alter,-
River,Der Fluss,Die Flüsse
Chance,Die Chance,Die Chancen
Nose,Die Nase,Die Nasen
Shadow,Der Schatten,Die Schatten
Police,Die Polizei,-
Memory,Die Erinnerung,Die Erinnerungen
Color,Die Farbe,Die Farben
Knee,Das Knie,Die Knie
Wood,Das Holz,-
Shirt,Das Hemd,Die Hemden
Party,Die Party,Die Partys
Country,Das Land,Die Länder
Truck,Der Lastwagen,Die Lastwagen
Tooth,Der Zahn,Die Zähne
Bill,Die Rechnung,Die Rechnungen
Scene,Die Szene,Die Szenen
Land,Das Land,Die Länder
Star,Der Stern,Die Sterne
Bird,Der Vogel,Die Vögel
Bedroom,Das Schlafzimmer,Die Schlafzimmer
Uncle,Der Onkel,Die Onkel
Sort,Die Art,-
Group,Die Gruppe,Die Gruppen
Truth,Die Wahrheit,Die Wahrheiten
Trouble,Die Schwierigkeit,-
Crowd,Die Menschenmenge,Die Menschenmengen
Station,Der Bahnhof,Die Bahnhöfe
Tear,Die Träne,Die Tränen
Class,Die Klasse,Die Klassen
Sea,Das Meer,Die Meere
Animal,Das Tier,Die Tiere
Center,Das Zentrum,Die Zentren
Feeling,Das Gefühl,Die Gefühle
Store,Das Geschäft,Die Geschäfte
Mountain,Der Berg,Die Berge
News,Die Nachrichten,-
Shoe,Der Schuh,Die Schuhe
Cat,Die Katze,Die Katzen
Screen,Der Bildschirm,Die Bildschirme
Bottle,Die Flasche,Die Flaschen
Call,Der Anruf,Die Anrufe
Living,Das Wohnzimmer,Die Wohnzimmer
Cheek,Die Wange,Die Wangen
Student,Der Student,Die Studenten
Ball,Der Ball,Die Bälle
Sight,Der Anblick,Die Anblicke
Hill,Der Hügel,Die Hügel
Company,Das Unternehmen,Die Unternehmen
Church,Die Kirche,Die Kirchen
Rain,Der Regen,Die Regen
Suit,Der Anzug,Die Anzüge
One,Die Eins,-
Direction,Die Richtung,Die Richtungen
Will,Der Wille,-
Throat,Der Hals,Die Hälse
Middle,Die Mitte,-
Answer,Die Antwort,Die Antworten
Stuff,Das Zeug,-
Hospital,Das Krankenhaus,Die Krankenhäuser
Camera,Die Kamera,Die Kameras
Dress,Das Kleid,Die Kleider
Card,Die Karte,Die Karten
Yard,Der Hof,Die Höfe
Dark,Die Dunkelheit,-
Shit,Die Scheiße,-
Image,Das Bild,Die Bilder
Machine,Die Maschine,Die Maschinen
Distance,Die Entfernung,Die Entfernungen
Area,Das Gebiet,Die Gebiete
Narrator,Der Erzähler,Die Erzähler
Ice,Das Eis,Die Eis
Snow,Der Schnee,-
Note,Die Notiz,Die Notizen
Mirror,Der Spiegel,Die Spiegel
King,Der König,Die Könige
Fear,Die Angst,-
Officer,Der Beamte,Die Beamten
Hole,Das Loch,Die Löcher
Shot,Der Schuss,Die Schüsse
Guard,Der Wächter,Die Wächter
Conversation,Das Gespräch,Die Gespräche
Boat,Das Boot,Die Boote
System,Das System,Die Systeme
Care,Die Sorge,Die Sorgen
Bit,Das Bit,Die Bits
Movie,Der Film,Die Filme
Bone,Der Knochen,Die Knochen
Page,Die Seite,Die Seiten
Captain,Der Kapitän,Die Kapitäne
Aunt,Die Tante,Die Tanten
Darkness,Die Dunkelheit,-
Control,Die Kontrolle,Die Kontrollen
Drink,Das Getränk,Die Getränke
Hotel,Das Hotel,Die Hotels
Coat,Der Mantel,Die Mäntel
Stair,Die Treppe,Die Treppen
Order,Die Bestellung,Die Bestellungen
Rose,Die Rose,Die Rosen
Miss,Die Miss,-
Hat,Der Hut,Die Hüte
Gold,Das Gold,-
Cigarette,Die Zigarette,Die Zigaretten
Cloud,Die Wolke,Die Wolken
View,Die Aussicht,Die Aussichten
Driver,Der Fahrer,Die Fahrer
Cup,Die Tasse,Die Tassen
Figure,Die Figur,Die Figuren
Expression,Der Ausdruck,Die Ausdrücke
Path,Der Weg,Die Wege
Key,Der Schlüssel,Die Schlüssel
Computer,Der Computer,Die Computer
Flower,Die Blume,Die Blumen
Ring,Der Ring,Die Ringe
Bathroom,Das Badezimmer,Die Badezimmer
Metal,Das Metall,Die Metalle
Moon,Der Mond,Die Monde
Song,Das Lied,Die Lieder
Soldier,Der Soldat,Die Soldaten
Radio,Das Radio,Die Radios
History,Die Geschichte,Die Geschichten
Wave,Die Welle,Die Wellen
Plan,Der Plan,Die Pläne
College,Das College,Die Colleges
Fish,Der Fisch,Die Fische
Garden,Der Garten,Die Gärten
Train,Der Zug,Die Züge
Shop,Das Geschäft,Die Geschäfte
Cop,Der Polizist,Die Polizisten
Art,Die Kunst,-
Beer,Das Bier,Die Biere
North,Der Norden,-
Island,Die Insel,Die Inseln
Bus,Der Bus,Die Busse
Smell,Der Geruch,Die Gerüche
Noise,Das Geräusch,Die Geräusche
Mama,Mama,-
Park,Der Park,Die Parks
South,Der Süden,-
Pair,Das Paar,Die Paare
Lord,Der Herr,Die Herren
Plate,Der Teller,Die Teller
Jacket,Die Jacke,Die Jacken
Help,Die Hilfe,Die Hilfen
Daddy,Der Papa,Die Papas
Grass,Das Gras,Die Gräser
Thanks,Der Dank,Die Danksagungen
Heat,Die Hitze,-
Sleep,Der Schlaf,-
Brain,Das Gehirn,Die Gehirne
Service,Der Service,Die Services
Trip,Die Reise,Die Reisen
Beat,Der Schlag,Die Schläge
Knife,Das Messer,Die Messer
Spot,Der Fleck,Die Flecken
Message,Die Nachricht,Die Nachrichten
Mark,Das Zeichen,Die Zeichen
Teacher,Der Lehrer,Die Lehrer
Gaze,Der Blick,Die Blicke
Village,Das Dorf,Die Dörfer
Winter,Der Winter,Die Winter
Front,Die Front,Die Fronten
Law,Das Gesetz,Die Gesetze
Surface,Die Oberfläche,Die Oberflächen
Bank,Die Bank,Die Banken
Team,Das Team,Die Teams
Maximum,Das Maximum,Die Maxima
Position,Die Position,Die Positionen
Stomach,Der Magen,Die Mägen
Turn,Die Wende,-
West,Der Westen,-
Lunch,Das Mittagessen,Die Mittagessen
Change,Die Veränderung,Die Veränderungen
Creature,Das Lebewesen,Die Lebewesen
Soul,Die Seele,Die Seelen
Leaf,Das Blatt,Die Blätter
Show,Die Show,Die Shows
Gate,Das Tor,Die Tore
Palm,Die Palme,Die Palmen
Plastic,Das Plastik,-
Force,Die Kraft,Die Kräfte
Beach,Der Strand,Die Strände
President,Der Präsident,Die Präsidenten
Shape,Die Form,Die Formen
Smoke,Der Rauch,Die Rauch
Wheel,Das Rad,Die Räder
Silver,Das Silber,-
Roof,Das Dach,Die Dächer
Weight,Das Gewicht,Die Gewichte
Tongue,Die Zunge,Die Zungen
Tea,Der Tee,Die Tees
Track,Die Strecke,Die Strecken
Angle,Der Winkel,Die Winkel
Form,Die Form,Die Formen
Tone,Der Ton,Die Töne
Circle,Der Kreis,Die Kreise
Spring,Der Frühling,Die Frühlinge
Porch,Die Veranda,Die Veranden
Sheet,Das Blatt,Die Blätter
Member,Das Mitglied,Die Mitglieder
Pool,Der Pool,Die Pools
Need,Das Bedürfnis,Die Bedürfnisse
Hope,Die Hoffnung,Die Hoffnungen
Lake,Der See,Die Seen
Breast,Die Brust,Die Brüste
Surprise,Die Überraschung,Die Überraschungen
Interest,Das Interesse,-
Bottom,Der Boden,Die Böden
Spirit,Der Geist,Die Geister
Block,Der Block,Die Blöcke
Language,Die Sprache,Die Sprachen
Bridge,Die Brücke,Die Brücken
Dust,Der Staub,-
Cell,Die Zelle,Die Zellen
Wine,Der Wein,Die Weine
Boot,Der Stiefel,Die Stiefel
Choice,Die Wahl,Die Wahlen
Row,Die Reihe,Die Reihen
Talk,Das Gespräch,Die Gespräche
Plane,Das Flugzeug,Die Flugzeuge
Watch,Die Uhr,Die Uhren
Information,Die Information,Die Informationen
Grandmother,Die Großmutter,-
Wing,Der Flügel,Die Flügel
Bob,Der Bob,Die Bobs
Club,Der Club,Die Clubs
Master,Der Meister,Die Meister
Grace,Die Gnade,Die Gnaden
Forest,Der Wald,Die Wälder
Size,Die Größe,Die Größen
Set,Der Satz,Die Sätze
Marriage,Die Ehe,Die Ehen
Forehead,Die Stirn,Die Stirnen
Storm,Der Sturm,Die Stürme
Doorway,Der Durchgang,Die Durchgänge
Situation,Die Situation,Die Situationen
Counter,Die Theke,Die Theken
Neighbor,Der Nachbar,Die Nachbarn
Photo,Das Foto,Die Fotos
Stage,Die Bühne,Die Bühnen
Meeting,Das Treffen,Die Treffen
Nurse,Die Krankenschwester,Die Krankenschwestern
Security,Die Sicherheit,Die Sicherheiten
Weapon,Die Waffe,Die Waffen
Event,Das Ereignis,Die Ereignisse
Ceiling,Die Decke,Die Decken
Engine,Der Motor,Die Motoren
Gift,Das Geschenk,Die Geschenke
Restaurant,Das Restaurant,Die Restaurants
Board,Das Brett,Die Bretter
Hallway,Der Flur,Die Flure
Army,Die Armee,-
Effort,Der Aufwand,Die Aufwände
East,Der Osten,-
Agent,Der Agent,Die Agenten
Future,Die Zukunft,Die Zukunft
Pant,Die Hose,Die Hosen
Leather,Das Leder,-
Flight,Der Flug,Die Flüge
Sex,Der Sex,-
Court,Das Gericht,Die Gerichte
Course,Der Kurs,Die Kurse
Dirt,Der Schmutz,-
Egg,Das Ei,Die Eier
Chin,Das Kinn,Die Kinne
Stranger,Der Fremde,Die Fremden
Pleasure,Das Vergnügen,Die Vergnügen
Detail,Das Detail,Die Details
Crew,Die Besatzung,Die Besatzungen
Fall,Der Herbst,Die Fälle
Guest,Der Gast,Die Gäste
Experience,Die Erfahrung,Die Erfahrungen
Joke,Der Witz,Die Witze
Sand,Der Sand,-
Fist,Die Faust,Die Fäuste
Action,Die Aktion,Die Aktionen
Walk,Der Spaziergang,Die Spaziergänge
Wedding,Die Hochzeit,Die Hochzeiten
Deal,Das Geschäft,Die Geschäfte
Nature,Die Natur,-
Planet,Der Planet,Die Planeten
Cousin,Der Cousin,Die Cousins
Movement,Die Bewegung,Die Bewegungen
Flesh,Das Fleisch,-
Record,Der Rekord,Die Rekorde
Camp,Das Lager,Die Lager
Newspaper,Die Zeitung,Die Zeitungen
Ray,Der Strahl,Die Strahlen
Human,Der Mensch,Die Menschen
Couch,Die Couch,Die Couches
Motion,Die Bewegung,Die Bewegungen
Grandfather,Der Großvater,Die Großväter
Photograph,Das Foto,Die Fotos
Secret,Das Geheimnis,Die Geheimnisse
Beauty,Die Schönheit,Die Schönheiten
Presence,Die Anwesenheit,-
Bell,Die Glocke,Die Glocken
Folk,Das Volk,-
Button,Der Knopf,Die Knöpfe
List,Die Liste,Die Listen
Level,Das Level,Die Level
Date,Das Datum,Die Daten
Subject,Das Fach,Die Fächer
Difference,Der Unterschied,Die Unterschiede
Pause,Die Pause,Die Pausen
Van,Der Lieferwagen,Die Lieferwagen
Blade,Die Klinge,Die Klingen
Television,Das Fernsehen,Die Fernseher
Cover,Die Abdeckung,Die Abdeckungen
Past,Die Vergangenheit,-
Farm,Die Farm,Die Farmen
Lap,Der Schoß,Die Schoß
Band,Die Band,Die Bands
Lawyer,Der Anwalt,Die Anwälte
Magazine,Das Magazin,Die Magazine
Branch,Der Ast,Die Äste
Frame,Der Rahmen,Die Rahmen
Deck,Das Deck,Die Decks
Effect,Die Wirkung,Die Wirkungen
Dance,Der Tanz,Die Tänze
Vision,Die Vision,Die Visionen
Ghost,Das Geist,Die Geister
Ass,Der Hintern,Die Hintern
Character,Der Charakter,Die Charaktere
Glance,Der Blick,Die Blicke
Goodbye,Der Abschied,-
Parking,Das Parken,-
Breakfast,Das Frühstück,Die Frühstücke
Gesture,Die Geste,Die Gesten
Luck,Das Glück,-
Blanket,Die Decke,Die Decken
Gas,Das Gas,-
Corridor,Der Korridor,Die Korridore
Professor,Der Professor,Die Professoren
Play,Das Stück,Die Stücke
Mistake,Der Fehler,Die Fehler
University,Die Universität,Die Universitäten
Ocean,Der Ozean,Die Ozeane
Century,Das Jahrhundert,Die Jahrhunderte
Honey,Der Honig,-
Pile,Der Stapel,Die Stapel
Bowl,Die Schüssel,Die Schüsseln
Base,Die Basis,Die Basen
Fence,Der Zaun,Die Zäune
Rule,Die Regel,Die Regeln
Laughter,Das Lachen,-
Anger,Der Ärger,-
Sweat,Der Schweiß,-
Accident,Der Unfall,Die Unfälle
Weather,Das Wetter,-
Decision,Die Entscheidung,Die Entscheidungen
Angel,Der Engel,Die Engel
Strength,Die Stärke,Die Stärken
Chicken,Das Huhn,Die Hühner
Study,Das Studium,Die Studien
Tape,Das Band,Die Bänder
Wrist,Das Handgelenk,Die Handgelenke
Stop,Der Halt,Die Halte
Hip,Die Hüfte,Die Hüften
Government,Die Regierung,Die Regierungen
Belly,Der Bauch,Die Bäuche
Queen,Die Königin,Die Königinnen
Report,Der Bericht,Die Berichte
Tail,Der Schwanz,Die Schwänze
Plant,Die Pflanze,Die Pflanzen
Flame,Die Flamme,Die Flammen
Heaven,Der Himmel,Die Himmel
Belt,Der Gürtel,Die Gürtel
Neighborhood,Die Nachbarschaft,Die Nachbarschaften
Energy,Die Energie,-
Green,Das Grün,-
Quarter,Das Viertel,Die Viertel
Enemy,Der Feind,Die Feinde
Move,Der Zug,Die Züge
Entrance,Der Eingang,Die Eingänge
Library,Die Bibliothek,Die Bibliotheken
Writer,Der Schriftsteller,Die Schriftsteller
Peace,Der Frieden,-
Touch,Die Berührung,Die Berührungen
Pot,Der Topf,Die Töpfe
Type,Die Art,-
Cause,Die Ursache,Die Ursachen
Rope,Das Seil,Die Seile
Muscle,Der Muskel,Die Muskeln
Painting,Das Gemälde,Die Gemälde
Curtain,Der Vorhang,Die Vorhänge
Meal,Die Mahlzeit,Die Mahlzeiten
Act,Der Akt,Die Akte
Wolf,Der Wolf,Die Wölfe
Cabin,Die Kabine,Die Kabinen
Charge,Die Gebühr,Die Gebühren
Clock,Die Uhr,Die Uhren
Passenger,Der Passagier,Die Passagiere
Buddy,Der Kumpel,Die Kumpel
Drug,Das Medikament,Die Medikamente
Use,Die Verwendung,Die Verwendungen
Bench,Die Bank,Die Bänke
Traffic,Der Verkehr,-
Relief,Die Erleichterung,-
Cap,Die Mütze,Die Mützen
Pack,Das Pack,Die Packs
Weekend,Das Wochenende,Die Wochenenden
Stand,Der Stand,Die Stände
Elevator,Der Aufzug,Die Aufzüge
Birthday,Der Geburtstag,Die Geburtstage
Lily,Die Lilie,Die Lilien
Iron,Das Eisen,Die Eisen
Meat,Das Fleisch,-
Eyebrow,Die Augenbraue,Die Augenbrauen
Response,Die Antwort,Die Antworten
Speed,Die Geschwindigkeit,Die Geschwindigkeiten
Purpose,Der Zweck,Die Zwecke
Skirt,Der Rock,Die Röcke
Square,Das Quadrat,Die Quadrate
Drive,Die Fahrt,Die Fahrten
Article,Der Artikel,Die Artikel
English,Das Englisch,-
Tower,Der Turm,Die Türme
Battle,Die Schlacht,Die Schlachten
Film,Der Film,Die Filme
Race,Das Rennen,Die Rennen
Shock,Der Schock,Die Schocks
Section,Die Sektion,Die Sektionen
Manner,Die Art,-
Sword,Das Schwert,Die Schwerter
Stick,Der Stock,Die Stöcke
File,Die Datei,Die Dateien
Bread,Das Brot,-
Oil,Das Öl,-
Chain,Die Kette,Die Ketten
Department,Die Abteilung,Die Abteilungen
Project,Das Projekt,Die Projekte
Murder,Der Mord,Die Morde
Bear,Der Bär,Die Bären
Test,Der Test,Die Tests
Visit,Der Besuch,Die Besuche
Milk,Die Milch,-
Boss,Der Chef,Die Chefs
Elbow,Der Ellenbogen,Die Ellenbogen
Desire,Das Verlangen,-
Patient,Der Patient,Die Patienten
Grin,Das Grinsen,-
Lover,Der Liebhaber,Die Liebhaber
Price,Der Preis,Die Preise
Map,Die Karte,Die Karten
Knowledge,Das Wissen,-
Beginning,Der Anfang,Die Anfänge
Cold,Die Kälte,-
Closet,Der Schrank,Die Schränke
Dawn,Die Morgendämmerung,Die Morgendämmerungen
Temple,Der Tempel,Die Tempel
Joy,Die Freude,-
Duty,Die Pflicht,Die Pflichten
Practice,Die Übung,Die Übungen
Heel,Der Absatz,Die Absätze
Valley,Das Tal,Die Täler
Fight,Der Kampf,Die Kämpfe
Wire,Das Kabel,Die Kabel
Jeans,Die Jeans,-
Kiss,Der Kuss,Die Küsse
Jaw,Der Kiefer,Die Kiefer
Run,Der Lauf,Die Läufe
Hold,Das Halten,Die Halten
Relationship,Die Beziehung,Die Beziehungen
Object,Das Objekt,Die Objekte
Attack,Der Angriff,Die Angriffe
Dish,Das Gericht,Die Gerichte
Highway,Die Autobahn,Die Autobahnen
Shade,Der Schatten,Die Schatten
Crime,Das Verbrechen,Die Verbrechen
White,Das Weiß,-
Partner,Der Partner,Die Partner
Priest,Der Priester,Die Priester
Lawn,Der Rasen,Die Rasen
Laugh,Das Lachen,-
Trunk,Der Stamm,Die Stämme
Cry,Das Weinen,Die Weinen
Program,Das Programm,Die Programme
Ride,Die Fahrt,Die Fahrten
Shelf,Das Regal,Die Regale
Gentleman,Der Herr,Die Herren
Being,Das Wesen,Die Wesen
Steel,Der Stahl,-
Sidewalk,Der Bürgersteig,Die Bürgersteige
Uniform,Die Uniform,Die Uniformen
Pattern,Das Muster,Die Muster
Evidence,Der Beweis,Die Beweise
Player,Der Spieler,Die Spieler
Novel,Der Roman,Die Romane
Pillow,Das Kissen,Die Kissen
Lamp,Die Lampe,Die Lampen
Drawer,Die Schublade,Die Schubladen
Danger,Die Gefahr,Die Gefahren
Detective,Der Detektiv,Die Detektive
Instant,Der Augenblick,Die Augenblicke
Thinking,Das Denken,-
Crack,Der Riss,Die Risse
Prayer,Das Gebet,Die Gebete
Towel,Das Handtuch,Die Handtücher
Glove,Der Handschuh,Die Handschuhe
Bay,Die Bucht,Die Buchten
Audience,Das Publikum,-
Can,Die Dose,Die Dosen
Condition,Der Zustand,Die Zustände
Trail,Der Pfad,Die Pfade
Waist,Die Taille,Die Taillen
Pressure,Der Druck,Die Drücke
Telephone,Das Telefon,Die Telefone
Sink,Das Waschbecken,Die Waschbecken
Return,Die Rückkehr,Die Rückkehr
Breeze,Die Brise,Die Brisen
Taste,Der Geschmack,Die Geschmäcker
Fault,Der Fehler,Die Fehler
Stream,Der Strom,Die Ströme
Result,Das Ergebnis,Die Ergebnisse
Author,Der Autor,Die Autoren
Tip,Der Tipp,Die Tipps
Shower,Die Dusche,Die Duschen
Toe,Die Zehe,Die Zehen
Season,Die Jahreszeit,Die Jahreszeiten
Half,Die Hälfte,Die Hälften
Fool,Der Narr,Die Narren
Tunnel,Der Tunnel,Die Tunnel
Client,Der Kunde,Die Kunden
Garage,Die Garage,Die Garagen
Mission,Die Mission,Die Missionen
Chief,Der Chef,Die Chefs
Bullet,Die Kugel,Die Kugeln
Market,Der Markt,Die Märkte
Loss,Der Verlust,Die Verluste
Series,Die Serie,Die Serien
Pen,Der Stift,Die Stifte
Term,Der Begriff,Die Begriffe
Poem,Das Gedicht,Die Gedichte
Prince,Der Prinz,Die Prinzen
Clay,Der Ton,Die Tone
Lock,Das Schloss,Die Schlösser
Reality,Die Realität,Die Realitäten
Snake,Die Schlange,Die Schlangen
Apple,Der Apfel,Die Äpfel
Mask,Die Maske,Die Masken
Customer,Der Kunde,Die Kunden
Birth,Die Geburt,Die Geburten
Break,Die Pause,Die Pausen
Wonder,Das Wunder,Die Wunder
Sunlight,Das Sonnenlicht,-
Tank,Der Panzer,Die Panzer
Staff,Das Personal,-
Lie,Die Lüge,Die Lügen
Faith,Der Glaube,-
Honor,Die Ehre,-
Cream,Die Sahne,-
Sake,Der Grund,-
Victim,Das Opfer,Die Opfer
Possibility,Die Möglichkeit,Die Möglichkeiten
Contact,Der Kontakt,Die Kontakte
Mood,Die Stimmung,Die Stimmungen
Thumb,Der Daumen,Die Daumen
Reading,Das Lesen,-
Fun,Der Spaß,-
Candle,Die Kerze,Die Kerzen
Cave,Die Höhle,Die Höhlen
Post,Die Post,-
Prison,Das Gefängnis,Die Gefängnisse
Emotion,Die Emotion,Die Emotionen
Leader,Der Führer,Die Führer
Degree,Der Abschluss,Die Abschlüsse
Feature,Das Merkmal,Die Merkmale
Ticket,Die Eintrittskarte,Die Eintrittskarten
Alien,Das Alien,Die Aliens
Lesson,Die Lektion,Die Lektionen
Desert,Die Wüste,Die Wüsten
Cut,Der Schnitt,Die Schnitte
Mess,Das Durcheinander,-
Warning,Die Warnung,Die Warnungen
Tale,Das Märchen,Die Märchen
Funeral,Die Beerdigung,Die Beerdigungen
Cab,Das Taxi,Die Taxis
Reporter,Der Reporter,Die Reporter
Present,Das Geschenk,Die Geschenke
Theater,Das Theater,Die Theater
Length,Die Länge,-
Mud,Der Schlamm,-
Science,Die Wissenschaft,-
Drop,Der Tropfen,Die Tropfen
String,Die Schnur,Die Schnüre
Speech,Die Rede,Die Reden
Copy,Das Exemplar,Die Exemplare
Cow,Die Kuh,Die Kühe
Worker,Der Arbeiter,Die Arbeiter
Thigh,Der Oberschenkel,Die Oberschenkel
Lab,Das Labor,Die Labore
Roll,Die Rolle,Die Rollen
Fruit,Die Frucht,Die Früchte
Patch,Das Patch,Die Patches
Silk,Die Seide,-
Buck,Der Dollar,Die Dollars
Brick,Der Ziegel,Die Ziegel
Rifle,Das Gewehr,Die Gewehre
Career,Die Karriere,Die Karrieren
Issue,Die Ausgabe,Die Ausgaben
Opportunity,Die Gelegenheit,Die Gelegenheiten
Director,Der Regisseur,Die Regisseure
Monster,Das Monster,Die Monster
Vehicle,Das Fahrzeug,Die Fahrzeuge
Alley,Die Gasse,Die Gassen
Sleeve,Der Ärmel,Die Ärmel
Grave,Das Grab,Die Gräber
Bush,Der Busch,Die Büsche
Dining,Das Esszimmer,-
Opening,Die Öffnung,Die Öffnungen
Twin,Das Zwilling,Die Zwillinge
Barn,Die Scheune,Die Scheunen
Pound,Das Pfund,Die Pfunde
Site,Die Seite,Die Seiten
Flash,Der Blitz,Die Blitze
Judge,Der Richter,Die Richter
Mass,Die Masse,Die Massen
Process,Der Prozess,Die Prozesse
Tie,Die Krawatte,Die Krawatten
Purse,Die Geldbörse,Die Geldbörsen
Pipe,Die Pfeife,Die Pfeifen
Dragon,Der Drache,Die Drachen
Horizon,Der Horizont,Die Horizonte
Tray,Das Tablett,Die Tabletts
Envelope,Der Umschlag,Die Umschläge
Check,Der Scheck,Die Schecks
Adult,Der Erwachsene,Die Erwachsenen
Emergency,Der Notfall,Die Notfälle
Material,Das Material,Die Materialien
Childhood,Die Kindheit,-
Habit,Die Gewohnheit,Die Gewohnheiten
Artist,Der Künstler,Die Künstler
Address,Die Adresse,Die Adressen
Scent,Der Duft,Die Düfte
Universe,Das Universum,Die Universen
Nod,Das Nicken,-
Shell,Die Muschel,Die Muscheln
Community,Die Gemeinschaft,Die Gemeinschaften
Start,Der Start,Die Starts
Wound,Die Wunde,Die Wunden
Mouse,Die Maus,Die Mäuse
Pilot,Der Pilot,Die Piloten
Grade,Die Note,Die Noten
Video,Das Video,Die Videos
Basket,Der Korb,Die Körbe
Wagon,Der Waggon,Die Waggons
Attempt,Der Versuch,Die Versuche
Sofa,Das Sofa,Die Sofas
Cake,Der Kuchen,Die Kuchen
Fellow,Der Kerl,Die Kerle
Affair,Die Angelegenheit,Die Angelegenheiten
Shore,Die Küste,Die Küsten
General,Der General,Die Generäle
Root,Die Wurzel,Die Wurzeln
Robe,Der Umhang,Die Umhänge
Concern,Die Sorge,Die Sorgen
Press,Die Presse,-
Rat,Die Ratte,Die Ratten
Society,Die Gesellschaft,Die Gesellschaften
Style,Der Stil,Die Stile
County,Der Bezirk,Die Bezirke
Command,Der Befehl,Die Befehle
Visitor,Der Besucher,Die Besucher
Model,Das Modell,Die Modelle
Chamber,Die Kammer,Die Kammern
Beast,Das Tier,Die Tiere
Bunch,Der Strauß,Die Sträuße
Background,Der Hintergrund,Die Hintergründe
Unit,Die Einheit,Die Einheiten
Furniture,Das Möbel,Die Möbel
Nail,Der Nagel,Die Nägel
Scream,Der Schrei,Die Schreie
Property,Das Eigentum,-
Equipment,Die Ausrüstung,-
Driveway,Die Auffahrt,Die Auffahrten
Grip,Der Griff,Die Griffe
Tube,Die Röhre,Die Röhren
Ash,Die Asche,Die Aschen
Fan,Der Ventilator,Die Ventilatoren
Opinion,Die Meinung,Die Meinungen
Data,Die Daten,-
Connection,Die Verbindung,Die Verbindungen
Trick,Der Trick,Die Tricks
Mystery,Das Geheimnis,Die Geheimnisse
Period,Die Periode,Die Perioden
Writing,Die Schrift,Die Schriften
Horror,Der Horror,-
Candy,Die Süßigkeiten,-
Bitch,Die Hündin,Die Hündinnen
Health,Die Gesundheit,-
Manager,Der Manager,Die Manager
Safety,Die Sicherheit,-
Height,Die Höhe,Die Höhen
Appearance,Das Aussehen,-
Sigh,Der Seufzer,Die Seufzer
Mine,Die Mine,Die Minen
Cloth,Der Stoff,Die Stoffe
Reaction,Die Reaktion,Die Reaktionen
Source,Die Quelle,Die Quellen
Self,Das Selbst,-
Pistol,Die Pistole,Die Pistolen
Airport,Der Flughafen,Die Flughäfen
Hero,Der Held,Die Helden
Promise,Das Versprechen,Die Versprechen
Bow,Der Bogen,Die Bögen
Tent,Das Zelt,Die Zelte
Booth,Der Stand,Die Stände
Cash,Das Bargeld,-
Avenue,Die Allee,Die Alleen
TShirt,Das T-Shirt,Die T-Shirts
Carpet,Der Teppich,Die Teppiche
Basement,Der Keller,Die Keller
Girlfriend,Die Freundin,Die Freundinnen
Beard,Der Bart,Die Bärte
Brow,Die Augenbraue,Die Augenbrauen
Display,Der Bildschirm,Die Bildschirme
Signal,Das Signal,Die Signale
Servant,Der Diener,Die Diener
Whisper,Das Flüstern,Die Flüster
Doubt,Der Zweifel,Die Zweifel
Account,Das Konto,Die Konten
Magic,Die Magie,-
Hank,Der Klumpen,Die Klumpen
Limb,Das Glied,Die Glieder
Bastard,Der Bastard,Die Bastarde
Skull,Der Schädel,Die Schädel
Sentence,Der Satz,Die Sätze
Collar,Der Kragen,Die Kragen
Horn,Das Horn,Die Hörner
Oak,Die Eiche,Die Eichen
Ankle,Der Knöchel,Die Knöchel
Doll,Die Puppe,Die Puppen
Sandwich,Das Sandwich,Die Sandwiches
Robin,Der Rotkehlchen,Die Rotkehlchen
Justice,Die Gerechtigkeit,-
Pride,Der Stolz,-
Youth,Die Jugend,-
Secretary,Der Sekretär,Die Sekretäre
Research,Die Forschung,-
Sport,Der Sport,Die Sportarten
Task,Die Aufgabe,Die Aufgaben
Grant,Das Stipendium,Die Stipendien
Sheriff,Der Sheriff,Die Sheriffs
Midnight,Die Mitternacht,-
Chip,Der Chip,Die Chips
Theory,Die Theorie,Die Theorien
Alarm,Der Alarm,Die Alarme
Collection,Die Sammlung,Die Sammlungen
Cross,Das Kreuz,Die Kreuze
Pine,Die Kiefer,Die Kiefern
Generation,Die Generation,Die Generationen
Authority,Die Autorität,Die Autoritäten
Papa,Der Papa,Die Papas
Journey,Die Reise,Die Reisen
Pearl,Die Perle,Die Perlen
Toilet,Die Toilette,Die Toiletten
Killer,Der Mörder,Die Mörder
Tool,Das Werkzeug,Die Werkzeuge
Medicine,Die Medizin,Die Medizinen
Sugar,Der Zucker,-
Princess,Die Prinzessin,Die Prinzessinnen
Argument,Das Argument,Die Argumente
Cliff,Die Klippe,Die Klippen
Cart,Der Wagen,Die Wagen
Crystal,Der Kristall,Die Kristalle
Bean,Die Bohne,Die Bohnen
Cage,Der Käfig,Die Käfige
Chocolate,Die Schokolade,-
Coast,Die Küste,Die Küsten
Decade,Das Jahrzehnt,Die Jahrzehnte
Meaning,Die Bedeutung,Die Bedeutungen
Gear,Das Getriebe,Die Getriebe
Suitcase,Der Koffer,Die Koffer
Operation,Die Operation,Die Operationen
Breathing,Das Atmen,-
Role,Die Rolle,Die Rollen
Version,Die Version,Die Versionen
Prisoner,Der Gefangene,Die Gefangenen
Match,Das Spiel,Die Spiele
Beam,Der Strahl,Die Strahlen
Castle,Das Schloss,Die Schlösser
Rush,Der Rausch,Die Räusche
Lane,Die Fahrspur,Die Fahrspuren
Clothing,Die Kleidung,-
Pole,Der Pfahl,Die Pfähle
Freedom,Die Freiheit,-
Skill,Die Fähigkeit,Die Fähigkeiten
Passion,Die Leidenschaft,Die Leidenschaften
Activity,Die Aktivität,Die Aktivitäten
Fuck,Der Fick,Die Ficks
Platform,Die Plattform,Die Plattformen
Salt,Das Salz,-
Bike,Das Fahrrad,Die Fahrräder
Stack,Der Stapel,Die Stapel
Companion,Der Begleiter,Die Begleiter
Fate,Das Schicksal,-
Rage,Die Wut,Die Wut
Supply,Die Versorgung,Die Versorgungen
Whale,Der Wal,Die Wale
Pig,Das Schwein,Die Schweine
Rabbit,Das Kaninchen,Die Kaninchen
Aisle,Der Gang,Die Gänge
Monitor,Der Monitor,Die Monitore
Helmet,Der Helm,Die Helme
Respect,Der Respekt,-
Excitement,Die Aufregung,-
Lobby,Die Lobby,Die Lobbys
Boyfriend,Der Freund,Die Freunde
Fur,Der Pelz,Die Felle
Range,Die Bandbreite,Die Bandbreiten
Dick,Der Schwanz,Die Schwänze
Code,Der Code,Die Codes
Chapter,Das Kapitel,Die Kapitel
Reflection,Die Reflexion,Die Reflexionen
Mail,Die Post,Die Mails
Fly,Die Fliege,Die Fliegen
Cabinet,Der Schrank,Die Schränke
Toy,Das Spielzeug,Die Spielzeuge
Baseball,Der Baseball,Die Baseballs
Inside,Das Innere,-
Pace,Das Tempo,-
Handle,Der Griff,Die Griffe
Lead,Das Blei,-
Amount,Die Menge,Die Mengen
Nerve,Der Nerv,Die Nerven
Terror,Der Terror,-
Sweater,Der Pullover,Die Pullover
Quality,Die Qualität,Die Qualitäten
Hunter,Der Jäger,Die Jäger
Paint,Die Farbe,Die Farben
Buster,Der Zerstörer,Die Zerstörer
Cotton,Die Baumwolle,-
Sergeant,Der Feldwebel,Die Feldwebel
Credit,Der Kredit,Die Kredite
Blow,Der Schlag,Die Schläge
Devil,Der Teufel,Die Teufel
Threat,Die Bedrohung,Die Bedrohungen
Success,Der Erfolg,Die Erfolge
Eve,Der Abend,Die Abende
Cable,Das Kabel,Die Kabel
Pan,Die Pfanne,Die Pfannen
Clerk,Der Angestellte,Die Angestellten
Title,Der Titel,Die Titel
Meter,Der Meter,Die Meter
Shame,Die Schande,-
Needle,Die Nadel,Die Nadeln
Lung,Die Lunge,Die Lungen
Warrior,Der Krieger,Die Krieger
Circumstance,Die Umstände,-
Studio,Das Studio,Die Studios
Panic,Die Panik,-
Lack,Der Mangel,-
Farmer,Der Bauer,Die Bauern
Accent,Der Akzent,Die Akzente
Bomb,Die Bombe,Die Bomben
Panel,Das Panel,Die Panels
Ability,Die Fähigkeit,Die Fähigkeiten
Fortune,Das Glück,-
Victor,Der Sieger,Die Sieger
Feather,Die Feder,Die Federn
Grandma,Die Oma,Die Omas
Glow,Das Leuchten,Die Leuchten
Behavior,Das Verhalten,-
Passage,Der Durchgang,Die Durchgänge
Slave,Der Sklave,Die Sklaven
Lieutenant,Der Leutnant,Die Leutnants
Barrel,Das Fass,Die Fässer
Warmth,Die Wärme,-
Impression,Der Eindruck,Die Eindrücke
Mason,Der Maurer,Die Maurer
Bride,Die Braut,Die Bräute
Package,Das Paket,Die Pakete
Fog,Der Nebel,-
Walking,Das Gehen,-
Balance,Das Gleichgewicht,-
Sock,Die Socke,Die Socken
Robot,Der Roboter,Die Roboter
Potato,Die Kartoffel,Die Kartoffeln
Item,Der Gegenstand,Die Gegenstände
Bath,Das Bad,Die Bäder
Diamond,Der Diamant,Die Diamanten
Corpse,Die Leiche,Die Leichen
Explanation,Die Erklärung,Die Erklärungen
Structure,Die Struktur,Die Strukturen
Exit,Der Ausgang,Die Ausgänge
Pad,Das Kissen,Die Kissen
Stove,Der Herd,Die Herde
Blue,Das Blau,-
American,Der Amerikaner,Die Amerikaner
Ruby,Der Rubin,Die Rubine
Lightning,Das Blitz,Die Blitze
Pit,Die Grube,Die Gruben
Colonel,Der Oberst,Die Obersten
Dock,Der Hafen,Die Häfen
Creek,Der Bach,Die Bäche
Advice,Der Rat,Die Ratschläge
Tourist,Der Tourist,Die Touristen
Grief,Die Trauer,-
Defense,Die Verteidigung,-
Bite,Der Biss,Die Bisse
Museum,Das Museum,Die Museen
Favor,Der Gefallen,Die Gefallen
Supper,Das Abendessen,-
Comfort,Der Komfort,-
Dean,Der Dekan,-
Value,Der Wert,Die Werte
March,Der Marsch,Die Märsche
Estate,Das Anwesen,Die Anwesen
Poet,Der Dichter,Die Dichter
Palace,Der Palast,Die Paläste
Soup,Die Suppe,Die Suppen
Nation,Die Nation,Die Nationen
Jar,Das Glas,Die Gläser
Standing,Der Stand,-
Sack,Der Sack,Die Säcke
Demon,Der Dämon,Die Dämonen
Conference,Die Konferenz,Die Konferenzen
Juice,Der Saft,Die Säfte
Responsibility,Die Verantwortung,-
Brush,Die Bürste,Die Bürsten
Route,Die Route,Die Routen
Cheese,Der Käse,Die Käse
Hood,Die Motorhaube,Die Motorhauben
Duck,Die Ente,Die Enten
Saint,Der Heilige,Die Heiligen
Pass,Der Pass,Die Pässe
Target,Das Ziel,Die Ziele
Orange,Die Orange,Die Orangen
Culture,Die Kultur,Die Kulturen
Tour,Die Tour,Die Touren
Commander,Der Kommandant,Die Kommandanten
Hook,Der Haken,Die Haken
Mist,Der Nebel,-
Training,Das Training,Die Trainings
Search,Die Suche,Die Suchen
Coin,Die Münze,Die Münzen
Miracle,Das Wunder,Die Wunder
Advantage,Der Vorteil,Die Vorteile
Exchange,Der Austausch,Die Austausche
Fiction,Die Fiktion,-
Pond,Der Teich,Die Teiche
Assistant,Der Assistent,Die Assistenten
Design,Das Design,Die Designs
Fishing,Das Angeln,-
Slope,Der Hang,Die Hänge
Earl,Der Graf,Die Grafen
Comment,Der Kommentar,Die Kommentare
Waiter,Der Kellner,Die Kellner
Grocery,Der Lebensmittel,Die Lebensmittel
Ladder,Die Leiter,Die Leitern
Curve,Die Kurve,Die Kurven
Volume,Das Volumen,Die Volumina
Risk,Das Risiko,Die Risiken
Nightmare,Der Albtraum,Die Albträume
Existence,Die Existenz,-
Trace,Die Spur,Die Spuren
Disease,Die Krankheit,Die Krankheiten
Support,Die Unterstützung,-
Witness,Der Zeuge,Die Zeugen
Stock,Der Bestand,Die Bestände
Device,Das Gerät,Die Geräte
Landscape,Die Landschaft,Die Landschaften
Holiday,Der Feiertag,Die Feiertage
Ace,Das Ass,Die Asse
Piano,Das Klavier,Die Klaviere
Gut,Der Darm,-
Talent,Das Talent,Die Talente
Imagination,Die Fantasie,-
Black,Das Schwarz,-
Reed,Der Rohrkolben,Die Rohrkolben
Lid,Der Deckel,Die Deckel
Hint,Der Hinweis,Die Hinweise
Walker,Der Spaziergänger,Die Spaziergänger
Chill,Das Schaudern,-
Trial,Der Prozess,Die Prozesse
Interview,Das Interview,Die Interviews
Approach,Der Ansatz,Die Ansätze
Scar,Die Narbe,Die Narben
Fashion,Die Mode,-
Channel,Der Kanal,Die Kanäle
Footstep,Der Fußabdruck,Die Fußabdrücke
Pickup,Der Pick-up,Die Pick-ups
Hawk,Der Habicht,Die Habichte
Trailer,Der Anhänger,Die Anhänger
Statue,Die Statue,Die Statuen
Pill,Die Pille,Die Pillen
Bug,Der Käfer,Die Käfer
Bucket,Der Eimer,Die Eimer
Vacation,Der Urlaub,Die Urlaube
Species,Die Art,Die Arten
Column,Die Säule,Die Säulen
Damage,Der Schaden,-
Instrument,Das Instrument,Die Instrumente
Port,Der Hafen,Die Häfen
Layer,Die Schicht,Die Schichten
Strip,Der Streifen,Die Streifen
Garbage,Der Müll,-
Rib,Die Rippe,Die Rippen
Notebook,Das Notizbuch,Die Notizbücher
Corn,Der Mais,-
Offer,Das Angebot,Die Angebote
Drawing,Die Zeichnung,Die Zeichnungen
Statement,Die Aussage,Die Aussagen
Intelligence,Die Intelligenz,-
Excuse,Die Entschuldigung,Die Entschuldigungen
Landing,Die Landung,Die Landungen
Copyright,Das Urheberrecht,-
Rod,Die Stange,Die Stangen
Fantasy,Die Fantasie,Die Fantasien
Curiosity,Die Neugierde,-
Gown,Das Gewand,Die Gewänder
Border,Die Grenze,Die Grenzen
Poetry,Die Poesie,-
Firm,Die Firma,Die Firmen
Rise,Der Anstieg,Die Anstiege
Handful,Die Handvoll,Die Handvoll
China,Das Porzellan,-
French,Der Franzose,Die Franzosen
Mean,Der Durchschnitt,Die Durchschnitte
Deer,Das Reh,Die Rehe
Print,Der Druck,Die Drucke
Rail,Die Schiene,Die Schienen
Rate,Der Tarif,Die Tarife
Courage,Der Mut,-
Arrival,Die Ankunft,Die Ankünfte
Wish,Der Wunsch,Die Wünsche
Ridge,Der Bergrücken,Die Bergrücken
Idiot,Der Idiot,Die Idioten
Bull,Der Stier,Die Stiere
Seed,Der Samen,Die Samen
Progress,Der Fortschritt,-
Feel,Das Gefühl,Die Gefühle
Shorts,Die kurze Hose,Die kurze Hosen
Citizen,Der Bürger,Die Bürger
Trash,Der Müll,-
Log,Der Baumstamm,Die Baumstämme
Patience,Die Geduld,-
Bat,Die Fledermaus,Die Fledermäuse
Football,Der Fußball,Die Fußbälle
Routine,Die Routine,Die Routinen
Explosion,Die Explosion,Die Explosionen
Content,Der Inhalt,Die Inhalte
Scientist,Der Wissenschaftler,Die Wissenschaftler
Failure,Das Versagen,Die Versagen
Sin,Die Sünde,Die Sünden
Butt,Der Hintern,Die Hintern
Confusion,Die Verwirrung,-
Understanding,Das Verständnis,-
Trade,Der Handel,Die Handel
Refrigerator,Der Kühlschrank,Die Kühlschränke
Mister,Der Herr,Die Herren
Flashlight,Die Taschenlampe,Die Taschenlampen
Net,Das Netz,Die Netze
Sailor,Der Matrose,Die Matrosen
Attitude,Die Einstellung,Die Einstellungen
Guilt,Die Schuld,-
Crying,Das Weinen,-
Sip,Der Schluck,Die Schlucke
Travel,Das Reisen,Die Reisen
Cookie,Der Keks,Die Kekse
Escape,Die Flucht,Die Fluchten
Instruction,Die Anweisung,Die Anweisungen
Fabric,Der Stoff,Die Stoffe
Marble,Der Marmor,Die Marmore
Glimpse,Der Blick,Die Blicke
Dusk,Die Dämmerung,-
Cottage,Die Hütte,Die Hütten
Monkey,Der Affe,Die Affen
Makeup,Das Make-up,-
Doc,Der Arzt,Die Ärzte
Blouse,Die Bluse,Die Blusen
Rhythm,Der Rhythmus,Die Rhythmen
Steam,Der Dampf,-
Phrase,Die Phrase,Die Phrasen
Nut,Die Mutter,Die Muttern
Pencil,Der Bleistift,Die Bleistifte
Cook,Der Koch,Die Köche
Flag,Die Flagge,Die Flaggen
Coach,Der Trainer,Die Trainer
Swing,Der Schwung,Die Schwünge
Speaker,Der Lautsprecher,Die Lautsprecher
Bolt,Der Bolzen,Die Bolzen
Fat,Das Fett,Die Fette
Rug,Der Teppich,Die Teppiche
Knock,Das Klopfen,-
Spell,Der Zauber,Die Zauber
Taxi,Das Taxi,Die Taxis
Round,Die Runde,Die Runden
Straw,Der Strohhalm,Die Strohhalme
Hatch,Die Luke,Die Luken
Fork,Die Gabel,Die Gabeln
Evil,Das Böse,-
Maid,Die Dienstmädchen,-
Relative,Der Verwandte,Die Verwandten
Witch,Die Hexe,Die Hexen
Courtyard,Der Innenhof,Die Innenhöfe
Sensation,Die Sensation,Die Sensationen
Bubble,Die Blase,Die Blasen
Reader,Der Leser,Die Leser
Curl,Die Locke,Die Locken
Pie,Der Kuchen,Die Kuchen
Jet,Das Düsenflugzeug,Die Düsenflugzeuge
Shift,Die Schicht,Die Schichten
Union,Die Union,Die Unionen
Teenager,Der Teenager,Die Teenager
Plain,Die Ebene,Die Ebenen
Waitress,Die Kellnerin,Die Kellnerinnen
Reply,Die Antwort,Die Antworten
Rumor,Das Gerücht,Die Gerüchte
Gravity,Die Schwerkraft,-
Shelter,Das Schutz,Die Schutz
Adventure,Das Abenteuer,Die Abenteuer
Lion,Der Löwe,Die Löwen
Spine,Die Wirbelsäule,Die Wirbelsäulen
Confidence,Das Vertrauen,Die Vertrauen
Depth,Die Tiefe,Die Tiefen
Reach,Die Reichweite,Die Reichweiten
Hammer,Der Hammer,Die Hämmer
Bible,Die Bibel,Die Bibeln
Contract,Der Vertrag,Die Verträge
Wallet,Die Brieftasche,Die Brieftaschen
Jungle,Der Dschungel,Die Dschungel
Factory,Die Fabrik,Die Fabriken
Indian,Der Indianer,Die Indianer
Balcony,Der Balkon,Die Balkone
Rice,Der Reis,-
Knot,Der Knoten,Die Knoten
Cord,Das Kabel,Die Kabel
Colleague,Der Kollege,Die Kollegen
Intention,Die Absicht,Die Absichten
Stare,Der starren,-
Motel,Das Motel,Die Motels
Attorney,Der Anwalt,Die Anwälte
Darling,Der Liebling,Die Lieblinge
Discussion,Die Diskussion,Die Diskussionen
Atmosphere,Die Atmosphäre,Die Atmosphären
Performance,Die Aufführung,Die Aufführungen
Tension,Die Spannung,Die Spannungen
Text,Der Text,Die Texte
Strand,Der Strand,Die Strände
Noon,Der Mittag,-
Vein,Die Ader,Die Adern
Expert,Der Experte,Die Experten
Gang,Die Bande,Die Banden
Policeman,Der Polizist,Die Polizisten
Cancer,Der Krebs,-
Fox,Der Fuchs,Die Füchse
Divorce,Die Scheidung,Die Scheidungen
Pulse,Der Puls,Die Pulse
Absence,Die Abwesenheit,-
Violence,Die Gewalt,-
Humor,Der Humor,-
Stool,Der Hocker,Die Hocker
Gravel,Der Kies,-
Treasure,Der Schatz,Die Schätze
Butter,Die Butter,-
Switch,Der Schalter,Die Schalter
Cigar,Die Zigarre,Die Zigarren
Canvas,Die Leinwand,Die Leinwände
Happiness,Das Glück,-
Guide,Der Führer,Die Führer
Pin,Die Stecknadel,Die Stecknadeln
Actor,Der Schauspieler,Die Schauspieler
Whole,Das Ganze,-
Arrangement,Die Anordnung,Die Anordnungen
Brown,Das Braun,-
Host,Der Gastgeber,Die Gastgeber
Ribbon,Das Band,Die Bänder
Scarf,Der Schal,Die Schals
Scale,Die Skala,Die Skalen
Proof,Der Beweis,Die Beweise
Arrow,Der Pfeil,Die Pfeile
Temperature,Die Temperatur,Die Temperaturen
Technology,Die Technologie,Die Technologien
Permission,Die Erlaubnis,Die Erlaubnisse
Location,Der Standort,Die Standorte
Claw,Die Klaue,Die Klauen
Cowboy,Der Cowboy,Die Cowboys
Agency,Die Agentur,Die Agenturen
Construction,Der Bau,-
Hunting,Die Jagd,-
Vegetable,Das Gemüse,Die Gemüse
Tin,Die Konservendose,Die Konservendosen
Helicopter,Der Hubschrauber,Die Hubschrauber
Trap,Die Falle,Die Fallen
Pat,Der Schlag,-
Gap,Die Lücke,Die Lücken
Pet,Das Haustier,Die Haustiere
Education,Das Bildung,-
Shopping,Die Einkauf,Die Einkäufe
Shed,Der Schuppen,Die Schuppen
Agreement,Die Vereinbarung,Die Vereinbarungen
Soil,Der Boden,-
Duke,Der Herzog,Die Herzog
Shotgun,Das Schrotflinte,Die Schrotflinten
Notion,Die Idee,Die Ideen
Rear,Das Heck,-
Ceremony,Die Zeremonie,Die Zeremonien
Spoon,Der Löffel,Die Löffel
Tub,Die Badewanne,Die Badewannen
Clue,Der Hinweis,Die Hinweise
Iris,Die Iris,Die Irisse
Incident,Der Vorfall,Die Vorfälle
Crash,Der Zusammenstoß,Die Zusammenstöße
Journal,Das Journal,Die Journale
Access,Der Zugriff,-
Brass,Das Messing,-
Mommy,Die Mama,Die Mamas
Sidebar,Die Sidebar,Die Sidebars
Sheep,Das Schaf,Die Schafe
Engineer,Der Ingenieur,Die Ingenieure
Hull,Der Rumpf,Die Rümpfe
Odor,Der Geruch,Die Gerüche
Appointment,Die Termin,Die Termine
Invitation,Die Einladung,Die Einladungen
Rag,Das Lumpen,Die Lumpen
Good,Das Gute,-
Dude,Der Typ,Die Typen
Treatment,Die Behandlung,Die Behandlungen
Wisdom,Die Weisheit,-
Prize,Der Preis,Die Preise
Element,Das Element,Die Elemente
Giant,Der Riese,Die Riesen
Napkin,Die Serviette,Die Servietten
Laundry,Die Wäsche,-
Option,Die Option,Die Optionen
Rack,Das Regal,Die Regale
Request,Die Anfrage,Die Anfragen
Jail,Das Gefängnis,Die Gefängnisse
Grandpa,Der Opa,Die Opas
Ranch,Die Ranch,Die Ranches
Dot,Der Punkt,Die Punkte
Script,Das Skript,Die Skripte
Mall,Das Einkaufszentrum,Die Einkaufszentren
Ford,Die Furt,Die Furten
Exercise,Die Übung,Die Übungen
Widow,Die Witwe,Die Witwen
Crow,Die Krähe,Die Krähen
Thread,Der Faden,Die Fäden
Suicide,Der Selbstmord,Die Selbstmorde
Notice,Das Hinweis,Die Hinweise
Sunset,Der Sonnenuntergang,Die Sonnenuntergänge
Gallery,Die Galerie,Die Galerien
Vessel,Das Gefäß,Die Gefäße
Thunder,Der Donner,-
Soap,Die Seife,Die Seifen
Whiskey,Der Whisky,-
Female,Die Frau,Die Frauen
Mayor,Der Bürgermeister,Die Bürgermeister
Stroke,Der Schlaganfall,Die Schlaganfälle
Click,Der Klick,Die Klicks
Reputation,Der Ruf,Die Rufe
Miller,Der Müller,Die Müller
Council,Der Rat,Die Räte
Schedule,Der Zeitplan,Die Zeitpläne
Cemetery,Der Friedhof,Die Friedhöfe
Struggle,Der Kampf,Die Kämpfe
Instinct,Der Instinkt,Die Instinkte
Calm,Die Ruhe,-
Employee,Der Mitarbeiter,Die Mitarbeiter
Nest,Das Nest,Die Nester
Limit,Die Grenze,Die Grenzen
German,Der Deutsche,Die Deutschen
Monk,Der Mönch,Die Mönche
Worm,Der Wurm,Die Würmer
Document,Das Dokument,Die Dokumente
Sadness,Die Trauer,-
Hut,Der Hut,Die Hüte
Lifetime,Das Leben,Die Leben
Dancer,Der Tänzer,Die Tänzer
Insurance,Die Versicherung,Die Versicherungen
Difficulty,Die Schwierigkeit,Die Schwierigkeiten
Mattress,Die Matratze,Die Matratzen
Male,Der Mann,Die Männer
Clinic,Die Klinik,Die Kliniken
Ad,Die Anzeige,Die Anzeigen
Mug,Der Becher,Die Becher
Kit,Das Set,Die Sets
Communication,Die Kommunikation,Die Kommunikationen
Disaster,Die Katastrophe,Die Katastrophen
Tile,Die Fliese,Die Fliesen
Receiver,Der Empfänger,Die Empfänger
Roar,Das Gebrüll,-
Troop,Die Truppe,Die Truppen
Coffin,Der Sarg,Die Särge
Friendship,Die Freundschaft,Die Freundschaften
Investigation,Die Untersuchung,Die Untersuchungen
Sale,Der Verkauf,Die Verkäufe
Goal,Das Tor,Die Tore
Ambulance,Der Krankenwagen,Die Krankenwagen
Moonlight,Das Mondschein,-
Ward,Die Station,Die Stationen
Trousers,Die Hose,Die Hosen
Wool,Die Wolle,-
Mac,Der Regenmantel,Die Regenmäntel
Minister,Der Minister,Die Minister
Entry,Der Eintrag,Die Einträge
Thief,Der Dieb,Die Diebe
Briefcase,Der Aktenkoffer,Die Aktentaschen
Pity,Das Mitleid,-
Fingertip,Die Fingerspitze,Die Fingerspitzen
Navy,Die Marine,Die Marinen
Insect,Das Insekt,Die Insekten
Velvet,Der Samt,-
Bee,Die Biene,Die Bienen
Cane,Der Stock,Die Stöcke
Gene,Das Gen,Die Gene
Salad,Der Salat,Die Salate
Windshield,Die Windschutzscheibe,Die Windschutzscheiben
Outfit,Das Outfit,Die Outfits
Shuttle,Das Shuttle,Die Shuttle
Shout,Der Schrei,Die Schreie
Fury,Die Wut,-
Challenge,Die Herausforderung,Die Herausforderungen
Satisfaction,Die Zufriedenheit,-
Motor,Der Motor,Die Motoren
Product,Das Produkt,Die Produkte
Weed,Das Unkraut,-
Stretch,Der Stretch,-
Gym,Das Fitnessstudio,Die Fitnessstudios
Capital,Die Hauptstadt,Die Hauptstädte
Rim,Der Rand,Die Ränder
Paw,Die Pfote,Die Pfoten
Fort,Das Fort,Die Forts
Cost,Die Kosten,-
Poster,Das Poster,Die Poster
Vampire,Der Vampir,Die Vampire
Shaft,Der Schaft,Die Schäfte
Identity,Die Identität,Die Identitäten
Pavement,Der Gehweg,Die Gehwege
Asshole,Das Arschloch,Die Arschlöcher
Strap,Das Band,Die Bänder
Parlor,Der Salon,Die Salons
Harbor,Der Hafen,Die Häfen
Example,Das Beispiel,Die Beispiele
Web,Das Netz,Die Netze
Golf,Der Golf,(usually uncountable)
Crap,Der Mist,(usually uncountable)
Delight,Die Freude,(usually uncountable)
Quilt,Die Steppdecke,Die Steppdecken
Tax,Die Steuer,Die Steuern
Fold,Die Falte,Die Falten
Portrait,Das Porträt,Die Porträts
Tissue,Das Gewebe,Die Gewebe
Belief,Der Glaube,Die Glauben
Costume,Das Kostüm,Die Kostüme
Measure,Das Maß,Die Maße
Carriage,Die Kutsche,Die Kutschen
Guitar,Die Gitarre,Die Gitarren
Knight,Der Ritter,Die Ritter
Rank,Der Rang,Die Ränge
Major,Der Major,Die Majore
Fountain,Der Brunnen,Die Brunnen
Stall,Der Stall,Die Ställe
Load,Die Ladung,Die Ladungen
Spark,Der Funke,Die Funken
Waste,Der Abfall,(usually uncountable)
Champagne,Der Champagner,(usually uncountable)
District,Der Bezirk,Die Bezirke
Protection,Der Schutz,(usually uncountable)
Judgment,Das Urteil,Die Urteile
Sympathy,Das Mitgefühl,(usually uncountable)
Violet,Das Veilchen,Die Veilchen
Impact,Der Aufprall,Die Aufprälle
Disappointment,Die Enttäuschung,Die Enttäuschungen
Drinking,Das Trinken,(usually uncountable)
Consciousness,Das Bewusstsein,(usually uncountable)
Handkerchief,Das Taschentuch,Die Taschentücher
Dancing,Das Tanzen,(usually uncountable)
Perfume,Das Parfüm,Die Parfüms
Network,Das Netzwerk,Die Netzwerke
Claim,Die Forderung,Die Forderungen
Nun,Die Nonne,Die Nonnen
Crown,Die Krone,Die Kronen
Railing,Das Geländer,Die Geländer
License,Die Lizenz,Die Lizenzen
Mercy,Die Gnade,(usually uncountable)
Balloon,Der Ballon,Die Ballons
Chaos,Das Chaos,(usually uncountable)
Fever,Das Fieber,(usually uncountable)
Locker,Der Schließfach,Die Schließfächer
Session,Die Sitzung,Die Sitzungen
Burst,Der Ausbruch,Die Ausbrüche
Peak,Der Gipfel,Die Gipfel
Drum,Die Trommel,Die Trommeln
Focus,Der Fokus,Die Foki
Frog,Der Frosch,Die Frösche
Benefit,Der Nutzen,Die Nutzen
Remark,Die Bemerkung,Die Bemerkungen
Tide,Die Flut,Die Fluten
Suspicion,Der Verdacht,Die Verdächte
Jeep,Der Jeep,Die Jeeps
Worry,Die Sorge,Die Sorgen
Literature,Die Literatur,(usually uncountable)
Archer,Der Bogenschütze,Die Bogenschützen
Household,Der Haushalt,Die Haushalte
Powder,Das Pulver,Die Pulver
Shepherd,Der Hirte,Die Hirten
Lens,Die Linse,Die Linsen
Favorite,Der Favorit,Die Favoriten
Madame,Die Dame,(no plural form)
Mansion,Die Villa,Die Villen
Boom,Der Boom,Die Booms
Lace,Die Spitze,Die Spitzen
Review,Die Bewertung,Die Bewertungen
Reception,Der Empfang,Die Empfänge
Scrap,Der Schrott,(usually uncountable)
Bead,Die Perle,Die Perlen
Glare,Das Blenden,(usually uncountable)
Flow,Der Fluss,Die Flüsse
Cafe,Das Café,Die Cafés
Status,Der Status,Die Stati
Pounding,Das Hämmern,(usually uncountable)
Rocket,Die Rakete,Die Raketen
Canyon,Die Schlucht,Die Schluchten
Sorrow,Die Trauer,(usually uncountable)
Spider,Die Spinne,Die Spinnen
Blast,Die Explosion,Die Explosionen
Personality,Die Persönlichkeit,Die Persönlichkeiten
Campus,Der Campus,Die Campi
Curse,Der Fluch,Die Flüche
Staircase,Das Treppenhaus,Die Treppenhäuser
Urge,Der Drang,Die Dränge
Frustration,Die Frustration,(usually uncountable)
Pump,Die Pumpe,Die Pumpen
Ease,Die Leichtigkeit,(usually uncountable)
Count,Der Graf,Die Grafen
Solution,Die Lösung,Die Lösungen
Jewelry,Der Schmuck,(usually uncountable)
Siren,Die Sirene,Die Sirenen
Hit,Der Hit,Die Hits
Tradition,Die Tradition,Die Traditionen
Curb,Der Bordstein,Die Bordsteine
Variety,Die Vielfalt,Die Vielfalten
Pirate,Der Pirat,Die Piraten
Description,Die Beschreibung,Die Beschreibungen
Dear,Der Liebling,Die Lieblinge
Anxiety,Die Angst,Die Ängste
Pitch,Die Tonhöhe,Die Tonhöhen
Pizza,Die Pizza,Die Pizzen
Elephant,Der Elefant,Die Elefanten
Politics,Die Politik,(usually uncountable)
Tennis,Das Tennis,(usually uncountable)
Hunger,Der Hunger,(usually uncountable)
Genius,Das Genie,Die Genies
Goat,Die Ziege,Die Ziegen
Victory,Der Sieg,Die Siege
Combination,Die Kombination,Die Kombinationen
Affiliation,Die Zugehörigkeit,Die Zugehörigkeiten
Momma,Die Mama,Die Mamas
Cape,Das Kap,Die Kaps
Headlight,Der Scheinwerfer,Die Scheinwerfer
Governor,Der Gouverneur,Die Gouverneure
Oxygen,Der Sauerstoff,(usually uncountable)
Bishop,Der Bischof,Die Bischöfe
Bundle,Das Bündel,Die Bündel
Development,Die Entwicklung,Die Entwicklungen
Fingernail,Der Fingernagel,Die Fingernägel
Score,Der Punktestand,Die Punktestände
Mate,Der Kamerad,Die Kameraden
Rider,Der Reiter,Die Reiter
Orbit,Die Umlaufbahn,Die Umlaufbahnen
Vine,Die Rebe,Die Reben
Suite,Die Suite,Die Suiten
Bartender,Der Barkeeper,Die Barkeeper
Coke,Die Cola,(usually uncountable)
Tune,Die Melodie,Die Melodien
Glory,Der Ruhm,(usually uncountable)
Rabbi,Der Rabbi,(plural form is Rabbiner)
Surgery,Die Operation,Die Operationen
Cattle,Das Rindvieh,(usually uncountable)
Ritual,Das Ritual,Die Rituale
Greeting,Der Gruß,Die Grüße
Slice,Die Scheibe,Die Scheiben
Homer,Der Homer,Die Homers
Fireplace,Der Kamin,Die Kamine
Jersey,Das Trikot,Die Trikots
Media,Die Medien,(plural noun)
Pop,Der Knall,Die Knalle
Cargo,Die Ladung,Die Ladungen
Inn,Die Herberge,Die Herbergen
Deputy,Der Stellvertreter,Die Stellvertreter
Despair,Die Verzweiflung,(usually uncountable)
Territory,Das Gebiet,Die Gebiete
Punch,Der Schlag,Die Schläge
Jazz,Der Jazz,(usually uncountable)
Hug,Die Umarmung,Die Umarmungen
Whistle,Die Pfeife,Die Pfeifen
Humanity,Die Menschheit,(usually uncountable)
Craft,Das Handwerk,Die Handwerke
Daylight,Das Tageslicht,(usually uncountable)
Worth,Der Wert,Die Werte
Slip,Die Einlage,Die Einlagen
Armor,Die Rüstung,Die Rüstungen
Backpack,Der Rucksack,Die Rucksäcke
Suggestion,Der Vorschlag,Die Vorschläge
Den,Die Höhle,Die Höhlen
Symbol,Das Symbol,Die Symbole
Colony,Die Kolonie,Die Kolonien
Conclusion,Der Schluss,Die Schlüsse
Nostril,Das Nasenloch,Die Nasenlöcher
Spear,Der Speer,Die Speere
Impulse,Der Impuls,Die Impulse
Tomato,Die Tomate,Die Tomaten
Calf,Das Kalb,Die Kälber
Autumn,Der Herbst,(usually uncountable)
Discovery,Die Entdeckung,Die Entdeckungen
Classroom,Das Klassenzimmer,Die Klassenzimmer
Delivery,Die Lieferung,Die Lieferungen
Spray,Das Spray,Die Sprays
Liquid,Die Flüssigkeit,Die Flüssigkeiten
Fuel,Der Treibstoff,(usually uncountable)
Underwear,Die Unterwäsche,(no plural form)
Dome,Die Kuppel,Die Kuppeln
Population,Die Bevölkerung,(usually uncountable)
Affection,Die Zuneigung,(usually uncountable)
Religion,Die Religion,Die Religionen
Singer,Der Sänger,Die Sängerinnen
Attendant,Der Bedienstete,Die Bediensteten
Illusion,Die Illusion,Die Illusionen
Link,Der Link,Die Links
Lounge,Die Lounge,Die Lounges
Interior,Das Innere,Die Innenräume
Shrug,Das Achselzucken,(usually uncountable)
Zone,Die Zone,Die Zonen
Standard,Der Standard,Die Standards
Coal,Die Kohle,(usually uncountable)
Chase,Die Jagd,Die Jagden
Lump,Der Kloß,Die Klöße
Charm,Der Charme,Die Charmes
Legend,Die Legende,Die Legenden
Consequence,Die Konsequenz,Die Konsequenzen
Observation,Die Beobachtung,Die Beobachtungen
Bicycle,Das Fahrrad,Die Fahrräder
Harm,Der Schaden,(usually uncountable)
Pay,Der Lohn,Die Löhne
Prospect,Die Aussicht,Die Aussichten
Subway,Die U-Bahn,Die U-Bahnen
Sample,Das Muster,Die Muster
Cherry,Die Kirsche,Die Kirschen
Dealer,Der Händler,Die Händler
Assignment,Die Aufgabe,Die Aufgaben
Hurry,Die Eile,(usually uncountable)
Mistress,Die Geliebte,Die Geliebten
Mound,Der Hügel,Die Hügel
Nonsense,Der Unsinn,(usually uncountable)
Committee,Der Ausschuss,Die Ausschüsse
Echo,Das Echo,Die Echos
Slack,Der Nachgiebigkeit,(usually uncountable)
Decker,Die Decker,(plural noun)
Warehouse,Das Lager,Die Lager
Bout,Der Kampf,Die Kämpfe
Toast,Der Toast,Die Toasts
Facility,Die Einrichtung,Die Einrichtungen
Basketball,Der Basketball,(usually uncountable)
Mustache,Der Schnurrbart,Die Schnurrbärte
Senator,Der Senator,Die Senatoren
Share,Die Aktie,Die Aktien
Eyelid,Das Augenlid,Die Augenlider
Enthusiasm,Die Begeisterung,(usually uncountable)
Chunk,Das Stück,Die Stücke
Turtle,Die Schildkröte,Die Schildkröten
Alcohol,Der Alkohol,(usually uncountable)
Gum,Der Kaugummi,Die Kaugummis
Turkey,Der Truthahn,Die Truthähne
Preacher,Der Prediger,Die Prediger
Possession,Der Besitz,(usually uncountable)
Dolly,Die Sackkarre,Die Sackkarren
Linen,Das Leinen,(usually uncountable)
Apology,Die Entschuldigung,Die Entschuldigungen
Lecture,Der Vortrag,Die Vorträge
Boulder,Der Fels,Die Felsen
Heap,Der Haufen,Die Haufen
Photographer,Der Fotograf,Die Fotografen
Brake,Die Bremse,Die Bremsen
Demand,Die Nachfrage,Die Nachfragen
Apron,Die Schürze,Die Schürzen
Cloak,Der Umhang,Die Umhänge
Jury,Die Jury,Die Jurys
Hearing,Die Anhörung,Die Anhörungen
Gray,Das Grau,(usually uncountable)
Crate,Die Kiste,Die Kisten
Method,Die Methode,Die Methoden
Reference,Die Referenz,Die Referenzen
Disgust,Der Ekel,(usually uncountable)
Liquor,Der Schnaps,Die Schnäpse
Lipstick,Der Lippenstift,Die Lippenstifte
Core,Der Kern,Die Kerne
Individual,Das Individuum,Die Individuen
Container,Der Container,Die Container
Whore,Die Hure,Die Huren
Infant,Das Kleinkind,Die Kleinkinder
Sunglasses,Die Sonnenbrille,Die Sonnenbrillen
Hose,Die Hose,Die Hosen
Concert,Das Konzert,Die Konzerte
Bullshit,Der Unsinn,(usually uncountable)
Railroad,Die Eisenbahn,Die Eisenbahnen
Parade,Die Parade,Die Paraden
Compartment,Das Abteil,Die Abteile
Resident,Der Bewohner,Die Bewohner
Oven,Der Ofen,Die Öfen
Technician,Der Techniker,Die Techniker
Procedure,Das Verfahren,Die Verfahren
Fighter,Der Kämpfer,Die Kämpfer
Grain,Das Korn,Die Körner
Picnic,Das Picknick,Die Picknicks
Tribe,Der Stamm,Die Stämme
Bud,Die Knospe,Die Knospen
Meadow,Die Wiese,Die Wiesen
Public,Die Öffentlichkeit,(usually uncountable)
Poison,Das Gift,Die Gifte
Buffalo,Der Büffel,Die Büffel
Region,Die Region,Die Regionen
Production,Die Produktion,Die Produktionen
Running,Das Laufen,(usually uncountable)
Loop,Die Schleife,Die Schleifen
Sleeping,Das Schlafen,(usually uncountable)
Soda,Die Limonade,Die Limonaden
Owl,Die Eule,Die Eulen
Menu,Das Menü,Die Menüs
Kick,Der Tritt,Die Tritte
Ruin,Der Ruin,Die Ruinen
Ramp,Die Rampe,Die Rampen
Streak,Die Streif,Die Streifen
Forearm,Der Unterarm,Die Unterarme
Bureau,Das Büro,Die Büros
Knuckle,Das Gelenk,Die Gelenke
Goose,Die Gans,Die Gänse
Advance,Der Fortschritt,Die Fortschritte
Fairy,Die Fee,Die Feen
Illness,Die Krankheit,Die Krankheiten
Squad,Das Kommando,Die Kommandos
Official,Der Beamte,Die Beamten
Brand,Die Marke,Die Marken
Organ,Das Organ,Die Organe
Butterfly,Der Schmetterling,Die Schmetterlinge
Empire,Das Imperium,Die Reiche
Profile,Das Profil,Die Profile
Liberty,Die Freiheit,Die Freiheiten
Disbelief,Der Unglaube,(usually uncountable)
Grove,Der Hain,Die Haine
Shield,Der Schild,Die Schilde
Saddle,Der Sattel,Die Sättel
Odds,Die Chancen,(plural noun)
Cluster,Der Cluster,Die Cluster
Satellite,Der Satellit,Die Satelliten
Trigger,Der Auslöser,Die Auslöser
Puppy,Der Welpe,Die Welpen
Waiting,Das Warten,(usually uncountable)
Bulb,Die Glühbirne,Die Glühbirnen
Dresser,Die Kommode,Die Kommoden
Patrol,Die Patrouille,Die Patrouillen
Eagle,Der Adler,Die Adler
Privacy,Die Privatsphäre,(no plural form)
Fluid,Die Flüssigkeit,Die Flüssigkeiten
Herd,Die Herde,(plural noun)
Headache,Die Kopfschmerzen,(plural noun)
Amusement,Die Unterhaltung,Die Unterhaltungen
Wheelchair,Der Rollstuhl,Die Rollstühle
Policy,Die Politik,(usually uncountable)
Belle,Die Schönheit,Die Schönheiten
Tobacco,Der Tabak,(usually uncountable)
Setting,Die Einstellung,Die Einstellungen
Tattoo,Das Tattoo,Die Tattoos
Burden,Die Belastung,Die Belastungen
Merchant,Der Händler,Die Händler
Slide,Die Rutsche,Die Rutschen
Stain,Der Fleck,Die Flecken
Eating,Das Essen,(usually uncountable)
Bond,Die Bindung,Die Bindungen
Swimming,Das Schwimmen,(usually uncountable)
Foundation,Die Stiftung,Die Stiftungen
Injury,Die Verletzung,Die Verletzungen
League,Die Liga,Die Ligen
Battery,Die Batterie,Die Batterien
Umbrella,Der Regenschirm,Die Regenschirme
Emperor,Der Kaiser,Die Kaiser
Pier,Der Pier,Die Piers
Tap,Der Wasserhahn,Die Wasserhähne
Wit,Das Witz,Die Witze
Cutter,Der Cutter,Die Cutter
Attic,Der Dachboden,Die Dachböden
Tiger,Der Tiger,Die Tiger
Pal,Der Freund,Die Freunde
Ancestor,Der Vorfahr,Die Vorfahren
Concentration,Die Konzentration,(usually uncountable)
Mount,Der Berg,Die Berge
Expense,Die Kosten,(plural noun)
Blessing,Der Segen,Die Segen
Leave,Der Urlaub,(usually uncountable)
Ledge,Der Vorsprung,Die Vorsprünge
Torch,Die Fackel,Die Fackeln
Ink,Die Tinte,(usually uncountable)
Plot,Die Handlung,Die Handlungen
Rent,Die Miete,Die Mieten
Mule,Die Maultier,Die Maultiere
Arch,Der Bogen,Die Bögen
Environment,Die Umwelt,Die Umwelten
Frown,Die Stirnrunzeln,(plural noun)
Inspector,Der Inspektor,Die Inspektoren
Midst,Die Mitte,Die Mitte
Embarrassment,Die Peinlichkeit,Die Peinlichkeiten
Complaint,Die Beschwerde,Die Beschwerden
Portion,Die Portion,Die Portionen
Chuck,Die Wegwerfen,(usually uncountable)
Clearing,Die Lichtung,Die Lichtungen
Crisis,Die Krise,Die Krisen
Necklace,Die Halskette,Die Halsketten
Lantern,Die Laterne,Die Laternen
Wealth,Der Reichtum,(usually uncountable)
Murderer,Der Mörder,Die Mörder
Civilization,Die Zivilisation,Die Zivilisationen
Concept,Das Konzept,Die Konzepte
Lamb,Das Lamm,Die Lämmer
Stride,Die Schritt,Die Schritte
Cuff,Das Manschette,Die Manschetten
Virgin,Die Jungfrau,Die Jungfrauen
Squirrel,Das Eichhörnchen,Die Eichhörnchen
Babe,Das Baby,Die Babys
Starling,Der Star,Die Stare
Depression,Die Depression,Die Depressionen
Storage,Die Lagerung,Die Lagerungen
Altar,Der Altar,Die Altäre
Tragedy,Die Tragödie,Die Tragödien
Resource,Die Ressource,Die Ressourcen
Traveler,Der Reisende,Die Reisenden
Trust,Das Vertrauen,(usually uncountable)
Arc,Der Bogen,Die Bögen
Kingdom,Das Königreich,Die Königreiche
Jewel,Das Juwel,Die Juwelen
Musician,Der Musiker,Die Musiker
Airplane,Das Flugzeug,Die Flugzeuge
Junk,Der Müll,(usually uncountable)
Sunshine,Der Sonnenschein,(usually uncountable)
Lad,Der Junge,Die Jungen
Elf,Der Elf,Die Elfen
Protest,Der Protest,Die Proteste
Hunt,Die Jagd,Die Jagden
Executive,Der Geschäftsführer,Die Geschäftsführer
Diary,Das Tagebuch,Die Tagebücher
Aspect,Der Aspekt,Die Aspekte
Dial,Das Zifferblatt,Die Zifferblätter
Slipper,Der Pantoffel,Die Pantoffel
Actress,Die Schauspielerin,Die Schauspielerinnen
Shooting,Das Schießen,(usually uncountable)
Earring,Der Ohrring,Die Ohrringe
Ant,Die Ameise,Die Ameisen
Patty,Das Brötchen,Die Brötchen
Sauce,Die Sauce,Die Saucen
Missile,Die Rakete,Die Raketen
Intensity,Die Intensität,(usually uncountable)
Ditch,Der Graben,Die Gräben
Daisy,Das Gänseblümchen,Die Gänseblümchen
Chapel,Die Kapelle,Die Kapellen
Swamp,Das Sumpf,Die Sümpfe
Relation,Die Beziehung,Die Beziehungen
Guess,Die Vermutung,Die Vermutungen
Crane,Der Kran,Die Kräne
Encounter,Das Aufeinandertreffen,Die Aufeinandertreffen
Sequence,Die Abfolge,Die Abfolgen
Fragment,Das Fragment,Die Fragmente
Draft,Die Ausarbeitung,Die Ausarbeitungen
Diner,Das Speiselokal,Die Speiselokale
Function,Die Funktion,Die Funktionen
Organization,Die Organisation,Die Organisationen
Skeleton,Das Skelett,Die Skelette
Misery,Das Elend,(usually uncountable)
Herb,Das Kraut,Die Kräuter
Stump,Der Stumpf,Die Stümpfe
Stake,Der Einsatz,Die Einsätze
Puff,Das Puff,Die Puffs
Creation,Die Schaffung,Die Schaffungen
Wake,Das Erwachen,Die Erwachen
Wizard,Der Zauberer,Die Zauberer
Mat,Das Matte,Die Matten
Seal,Die Dichtung,Die Dichtungen
Twilight,Die Dämmerung,(usually uncountable)
Grunt,Das Grunzen,Die Grunzen
Punishment,Die Bestrafung,Die Bestrafungen
Clan,Der Clan,Die Clans
Copper,Das Kupfer,(usually uncountable)
Debris,Der Schutt,(no plural form)
Painter,Der Maler,Die Maler
Steering,Die Lenkung,Die Lenkungen
Math,Die Mathematik,(usually uncountable)
Recognition,Die Anerkennung,(usually uncountable)
Temper,Der Gemüt,(usually uncountable)
Regret,Das Bedauern,(usually uncountable)
Destination,Das Ziel,Die Ziele
Mill,Die Mühle,Die Mühlen
Error,Der Fehler,Die Fehler
Romance,Die Romanze,Die Romanzen
Topic,Das Thema,Die Themen
Patio,Die Terrasse,Die Terrassen
Shovel,Die Schaufel,Die Schaufeln
Pajamas,Der Schlafanzug,Die Schlafanzüge
EMail,Die E-Mail,Die E-Mails
Pigeon,Die Taube,Die Tauben
Dinosaur,Der Dinosaurier,Die Dinosaurier
Industry,Die Industrie,Die Industrien
Operator,Der Operator,Die Operatoren
Lift,Der Aufzug,Die Aufzüge
Counselor,Der Berater,Die Berater
Gathering,Das Treffen,Die Treffen
Principle,Das Prinzip,Die Prinzipien
Drama,Das Drama,Die Dramen
Chick,Das Küken,Die Küken
Chart,Das Diagramm,Die Diagramme
Campaign,Die Kampagne,Die Kampagnen
Laurel,Der Lorbeer,Die Lorbeeren
Steak,Das Steak,Die Steaks
Criminal,Der Verbrecher,Die Verbrecher
Globe,Der Globus,Die Globen
Bruise,Der Bluterguss,Die Blutergüsse
Knob,Der Knopf,Die Knöpfe
Killing,Der Mord,Die Morde
Sweetheart,Die Liebste,Die Liebsten
Opera,Die Oper,Die Opern
Frost,Der Frost,(no plural form)
Nipple,Die Brustwarze,Die Brustwarzen
Reverend,Der Pfarrer,Die Pfarrer
Haze,Der Dunst,(usually uncountable)
Flood,Die Überschwemmung,Die Überschwemmungen
Carol,Das Lied,Die Lieder
Weakness,Die Schwäche,Die Schwächen
Cooking,Das Kochen,(usually uncountable)